{
    "display": {
	"icon": {
		"item": "minecraft:player_head",
		"nbt": "{SkullOwner:{Id:[I;0,0,0,0],Properties:{textures:[{Value:'eyJ0ZXh0dXJlcyI6eyJTS0lOIjp7InVybCI6Imh0dHA6Ly90ZXh0dXJlcy5taW5lY3JhZnQubmV0L3RleHR1cmUvMWQ0ZWFlMTM5MzM4NjBhNmRmNWU4ZTk1NTY5M2I5NWE4YzNiMTVjMzZiOGI1ODc1MzJhYzA5OTZiYzM3ZTUifX19'}]}}}"
		},
      "title": "Item Difficulty",
      "description": "Hard",
      "frame": "task",
      "show_toast": false,
      "announce_to_chat": false,
      "hidden": false
    },
    "parent": "bingo:possibleitems/root",
      "criteria": {
        "impossible": {
          "trigger": "minecraft:impossible"
    }
  }
}