{
    "type": "minecraft:overworld",
    "generator": {
      "type": "minecraft:noise",
      "seed": -924747294,
      "biome_source": {
        "type": "minecraft:multi_noise",
        "seed": -924747294,
        "altitude_noise": {
          "firstOctave": -7,
          "amplitudes": [
            1,
            1
          ]
        },
        "temperature_noise": {
          "firstOctave": -7,
          "amplitudes": [
            1,
            1
          ]
        },
        "humidity_noise": {
          "firstOctave": -7,
          "amplitudes": [
            1,
            1
          ]
        },
        "weirdness_noise": {
          "firstOctave": -7,
          "amplitudes": [
            1,
            1
          ]
        },
        "biomes": [
          {
            "biome": "minecraft:snowy_taiga",
            "parameters": {
              "altitude": 0.5,
              "temperature": 0.8,
              "humidity": 0.3,
              "weirdness": 0,
              "offset": 0
            }
          },          {
            "biome": "minecraft:bamboo_jungle",
            "parameters": {
              "altitude": 1,
              "temperature": -0.5,
              "humidity": 0.2,
              "weirdness": 0,
              "offset": 0.3
            }
          },
          {
            "biome": "minecraft:badlands",
            "parameters": {
              "altitude": 0.05,
              "temperature": -1,
              "humidity": 0.1,
              "weirdness": 0.05,
              "offset": 0.05
            }
          },
          {
            "biome": "minecraft:beach",
            "parameters": {
              "altitude": -0.8,
              "temperature": 0.5,
              "humidity": 0.2,
              "weirdness": 0.1,
              "offset": 0.5
            }
          },
          {
            "biome": "minecraft:river",
            "parameters": {
              "altitude": -0.9,
              "temperature": 0.8,
              "humidity": 0,
              "weirdness": 0,
              "offset": 0
            }
          },
          {
            "biome": "minecraft:ocean",
            "parameters": {
              "altitude": -1,
              "temperature": 0,
              "humidity": 0.6,
              "weirdness": 0,
              "offset": 0
            }
          },
          {
            "biome": "minecraft:warm_ocean",
            "parameters": {
              "altitude": -1,
              "temperature": 0,
              "humidity": 0.5,
              "weirdness": 0.2,
              "offset": 0
            }
          },
          {
            "biome": "minecraft:dark_forest",
            "parameters": {
              "altitude": 0,
              "temperature": 0.5,
              "humidity": -1,
              "weirdness": 0,
              "offset": 0
            }
          },
          {
            "biome": "minecraft:mountains",
            "parameters": {
              "altitude": 1,
              "temperature": 0,
              "humidity": -0.4,
              "weirdness": 0,
              "offset": 0
            }
          },
          {
            "biome": "minecraft:forest",
            "parameters": {
              "altitude": 0.5,
              "temperature": 0.5,
              "humidity": 0.6,
              "weirdness": 0,
              "offset": 0
            }
          },
          {
            "biome": "minecraft:flower_forest",
            "parameters": {
              "altitude": 0,
              "temperature": 0,
              "humidity": 1,
              "weirdness": 0.5,
              "offset": 0
            }
          },
          {
            "biome": "minecraft:desert",
            "parameters": {
              "altitude": 0,
              "temperature": -1,
              "humidity": 0,
              "weirdness": 0,
              "offset": 0
            }
          },
          {
            "biome": "minecraft:jungle",
            "parameters": {
              "altitude": 1,
              "temperature": 0,
              "humidity": 0,
              "weirdness": 0,
              "offset": 0
            }
          },
          {
            "biome": "minecraft:swamp",
            "parameters": {
              "altitude": 0,
              "temperature": 0.5,
              "humidity": 1,
              "weirdness": 0,
              "offset": 0
            }
          },
          {
            "biome": "minecraft:savanna",
            "parameters": {
              "altitude": 0,
              "temperature": -1,
              "humidity": 0.2,
              "weirdness": 0,
              "offset": 0
            }
          },
          {
            "biome": "minecraft:taiga",
            "parameters": {
              "altitude": 0,
              "temperature": 0,
              "humidity": 1,
              "weirdness": 0,
              "offset": 0
            }
          },
          {
            "biome": "minecraft:plains",
            "parameters": {
              "altitude": 0,
              "temperature": 1,
              "humidity": 0,
              "weirdness": 0,
              "offset": 0
            }
          }
        ]
      },
      "settings": "minecraft:overworld"
    }
  }